Date,Open,High,Low,Close,Volume,Adj Close
03-01-2011,325.64,330.26,324.84,329.57,111284600,44.78
04-01-2011,332.44,332.5,328.15,331.29,77270200,45.01
05-01-2011,329.55,334.34,329.5,334,63879900,45.38
06-01-2011,334.72,335.25,332.9,333.73,75107200,45.34
07-01-2011,333.99,336.35,331.9,336.12,77982800,45.67
10-01-2011,338.83,343.23,337.17,342.45,112140000,46.53
11-01-2011,344.88,344.96,339.47,341.64,111027000,46.42
12-01-2011,343.25,344.43,342,344.42,75647600,46.8
13-01-2011,345.16,346.64,343.85,345.68,74195100,46.97
14-01-2011,345.89,348.48,344.44,348.48,77210000,47.35
18-01-2011,329.52,344.76,326,340.65,470249500,46.28
19-01-2011,348.35,348.6,336.88,338.84,283903200,46.04
20-01-2011,336.43,338.3,330.12,332.68,191197300,45.2
21-01-2011,333.77,334.88,326.63,326.72,188600300,44.39
24-01-2011,326.87,337.45,326.72,337.45,143670800,45.85
25-01-2011,336.33,341.44,334.57,341.4,136717000,46.39
26-01-2011,342.96,345.6,341.5,343.85,126718900,46.72
27-01-2011,343.78,344.69,342.83,343.21,71256500,46.63
28-01-2011,344.17,344.4,333.53,336.1,148014300,45.67
31-01-2011,335.8,340.04,334.3,339.32,94311700,46.1
01-02-2011,341.3,345.65,340.98,345.03,106658300,46.88
02-02-2011,344.45,345.25,343.55,344.32,64738800,46.78
03-02-2011,343.8,344.24,338.55,343.44,98449400,46.66
04-02-2011,343.64,346.7,343.51,346.5,80460100,47.08
07-02-2011,347.89,353.25,347.64,351.88,121255400,47.81
08-02-2011,353.68,355.52,352.15,355.2,95260200,48.26
09-02-2011,355.19,359,354.87,358.16,120686300,48.66
10-02-2011,357.39,360,348,354.54,232137500,48.17
11-02-2011,354.75,357.8,353.54,356.85,91893200,48.48
14-02-2011,356.79,359.48,356.71,359.18,77604100,48.8
15-02-2011,359.19,359.97,357.55,359.9,71043700,48.9
16-02-2011,360.8,364.9,360.5,363.13,120289400,49.34
17-02-2011,357.25,360.27,356.52,358.3,132645800,48.68
18-02-2011,358.71,359.5,349.52,350.56,204014300,47.63
22-02-2011,342.15,345.4,337.72,338.61,218138900,46.01
23-02-2011,338.77,344.64,338.61,342.62,167963600,46.55
24-02-2011,344.02,345.15,338.37,342.88,124975200,46.59
25-02-2011,345.26,348.43,344.8,348.16,95004700,47.3
28-02-2011,351.24,355.05,351.12,353.21,100768500,47.99
01-03-2011,355.47,355.72,347.68,349.31,114034200,47.46
02-03-2011,349.96,354.35,348.4,352.12,150647700,47.84
03-03-2011,357.19,359.79,355.92,359.56,125197100,48.85
04-03-2011,360.07,360.29,357.75,360,113316700,48.91
07-03-2011,361.4,361.67,351.31,355.36,136530800,48.28
08-03-2011,354.91,357.4,352.25,355.76,89079200,48.34
09-03-2011,354.69,354.76,350.6,352.47,113326500,47.89
10-03-2011,349.12,349.77,344.9,346.67,126884800,47.1
11-03-2011,345.33,352.32,345,351.99,117770100,47.82
14-03-2011,353.18,356.48,351.31,353.56,108989300,48.04
15-03-2011,342.1,347.84,340.1,345.43,180270300,46.93
16-03-2011,342,343,326.26,330.01,290502800,44.84
17-03-2011,336.83,339.61,330.66,334.64,164855600,45.47
18-03-2011,337.13,338.2,330,330.67,188303500,44.93
21-03-2011,335.99,339.74,335.26,339.3,102350500,46.1
22-03-2011,342.56,342.62,339.14,341.2,81480700,46.36
23-03-2011,339.28,340.22,335.95,339.19,93249100,46.09
24-03-2011,341.85,346,338.86,344.97,101178000,46.87
25-03-2011,348.07,352.06,347.02,351.54,112227500,47.76
28-03-2011,353.15,354.32,350.44,350.44,77338800,47.61
29-03-2011,347.66,350.96,346.06,350.96,88225200,47.68
30-03-2011,350.64,350.88,347.44,348.63,82351500,47.37
31-03-2011,346.36,349.8,346.06,348.51,68504800,47.35
01-04-2011,351.11,351.59,343.3,344.56,104665400,46.82
04-04-2011,344.31,344.6,338.4,341.19,115021200,46.36
05-04-2011,336.99,342.25,336,338.89,120682800,46.04
06-04-2011,341.22,343.9,337.14,338.04,100634800,45.93
07-04-2011,338.1,340.43,336.03,338.08,93361800,45.93
08-04-2011,339.92,340.15,333.95,335.06,94383800,45.52
11-04-2011,334.06,335.67,330.02,330.8,99736700,44.95
12-04-2011,330.49,333.73,330.2,332.4,106409800,45.16
13-04-2011,335.02,336.14,332.52,336.13,86555000,45.67
14-04-2011,334.8,336,332.06,332.42,75450200,45.17
15-04-2011,333.3,333.64,326.8,327.46,113401400,44.49
18-04-2011,326.1,332.23,320.16,331.85,152474700,45.09
19-04-2011,333.1,337.98,331.71,337.86,104844600,45.9
20-04-2011,343.51,345.75,341.5,342.41,175166600,46.52
21-04-2011,355,355.13,348.52,350.7,188452600,47.65
25-04-2011,350.34,353.75,350.3,353.01,66636500,47.96
26-04-2011,353.62,354.99,349.35,350.42,84700000,47.61
27-04-2011,352.24,352.35,347.1,350.15,89053300,47.57
28-04-2011,346.19,349.75,345.52,346.75,90239800,47.11
29-04-2011,346.78,353.95,346.67,350.13,251586300,47.57
02-05-2011,349.74,350.47,345.5,346.28,110678400,47.05
03-05-2011,347.99,349.89,345.62,348.2,78337000,47.31
04-05-2011,348.26,351.83,346.88,349.57,97312600,47.5
05-05-2011,348.4,350.95,346.05,346.75,83992300,47.11
06-05-2011,349.69,350,346.21,346.66,70033600,47.1
09-05-2011,347.86,349.2,346.53,347.6,51186800,47.23
10-05-2011,348.89,349.69,346.66,349.45,70522900,47.48
11-05-2011,349.02,350,345.24,347.23,84000000,47.18
12-05-2011,346.12,347.12,342.27,346.57,80500000,47.09
13-05-2011,345.66,346.25,340.35,340.5,81529000,46.26
16-05-2011,339.2,341.22,332.6,333.3,112443800,45.29
17-05-2011,332,336.14,330.73,336.14,113083600,45.67
18-05-2011,336.47,341.05,336,339.87,83694100,46.18
19-05-2011,342.08,342.41,338.67,340.53,65292500,46.27
20-05-2011,339.56,340.95,335.02,335.22,84492100,45.55
23-05-2011,329.97,335.98,329.42,334.4,95900000,45.43
24-05-2011,335.5,335.9,331.34,332.19,80481800,45.13
25-05-2011,333.43,338.56,332.85,336.78,73556000,45.76
26-05-2011,335.97,336.89,334.43,335,55640200,45.52
27-05-2011,334.8,337.63,334.31,337.41,50899800,45.84
31-05-2011,341.1,347.83,341,347.83,104438600,47.26
01-06-2011,348.87,352.13,344.65,345.51,138670700,46.94
02-06-2011,346.5,347.98,344.3,346.1,84695800,47.02
03-06-2011,343.18,345.33,342.01,343.44,78312500,46.66
06-06-2011,345.7,347.05,337.81,338.04,115485300,45.93
07-06-2011,338.17,338.22,331.9,332.04,132446300,45.11
08-06-2011,331.78,334.8,330.65,332.24,83430900,45.14
09-06-2011,333.25,333.67,330.75,331.49,68772200,45.04
10-06-2011,330.55,331.66,325.51,325.9,108488800,44.28
13-06-2011,327.2,328.31,325.07,326.6,82368300,44.37
14-06-2011,330,333.25,329.31,332.44,83642300,45.17
15-06-2011,329.75,330.3,324.88,326.75,99799000,44.4
16-06-2011,326.9,328.68,318.33,325.16,127647800,44.18
17-06-2011,328.99,329.25,319.36,320.26,153755000,43.51
20-06-2011,317.36,317.7,310.5,315.32,160161400,42.84
21-06-2011,316.68,325.8,315.2,325.3,123345600,44.2
22-06-2011,325.16,328.9,322.38,322.61,97645800,43.83
23-06-2011,318.94,331.69,318.12,331.23,139939800,45
24-06-2011,331.37,333.15,325.09,326.35,109951800,44.34
27-06-2011,327.59,333.9,327.25,332.04,84953400,45.11
28-06-2011,333.65,336.7,333.44,335.26,73574900,45.55
29-06-2011,336.04,336.37,331.88,334.04,88136300,45.39
30-06-2011,334.7,336.13,332.84,335.67,80738700,45.61
01-07-2011,335.95,343.5,334.2,343.26,108828300,46.64
05-07-2011,343,349.83,342.5,349.43,88763500,47.48
06-07-2011,348.95,354.1,346.71,351.76,111156500,47.79
07-07-2011,354.67,358,354,357.2,99915900,48.53
08-07-2011,353.34,360,352.2,359.71,122408300,48.87
11-07-2011,356.34,359.77,352.82,354,110668600,48.1
12-07-2011,353.53,357.68,348.62,353.75,112902300,48.06
13-07-2011,358.33,360,356.38,358.02,97909700,48.64
14-07-2011,361.01,361.61,356.34,357.77,107633400,48.61
15-07-2011,361.17,365,359.17,364.92,121116800,49.58
18-07-2011,365.43,374.65,365.28,373.8,143163300,50.79
19-07-2011,378,378.65,373.32,376.85,204786400,51.2
20-07-2011,396.12,396.27,386,386.9,235335100,52.57
21-07-2011,386.95,390.06,383.9,387.29,131633600,52.62
22-07-2011,388.32,395.05,387.75,393.3,129182200,53.44
25-07-2011,390.35,400,389.62,398.5,147451500,54.14
26-07-2011,400,404.5,399.68,403.41,119145600,54.81
27-07-2011,400.59,402.64,392.15,392.59,164831100,53.34
28-07-2011,391.62,396.99,388.13,391.82,148508500,53.24
29-07-2011,387.64,395.15,384,390.48,158146100,53.05
01-08-2011,397.78,399.5,392.37,396.75,153209000,53.91
02-08-2011,397.65,397.9,388.35,388.91,159884900,52.84
03-08-2011,390.98,393.55,382.24,392.57,183127000,53.34
04-08-2011,389.41,391.32,377.35,377.37,217851900,51.27
05-08-2011,380.44,383.5,362.57,373.62,301147700,50.76
08-08-2011,361.69,367.77,353.02,353.21,285958400,47.99
09-08-2011,361.3,374.61,355,374.01,270645900,50.82
10-08-2011,371.15,374.65,362.5,363.69,219664200,49.41
11-08-2011,370.52,375.45,364.72,373.7,185492300,50.77
12-08-2011,378.07,379.64,374.23,376.99,132244000,51.22
15-08-2011,379.63,384.97,378.09,383.41,115136000,52.09
16-08-2011,381.52,383.37,376.06,380.48,124687500,51.7
17-08-2011,382.31,384.52,378,380.44,110515300,51.69
18-08-2011,370.84,372.65,361.37,366.05,212858800,49.73
19-08-2011,362.17,367,356,356.03,193972100,48.37
22-08-2011,364.51,364.88,355.09,356.44,133828800,48.43
23-08-2011,360.3,373.64,357,373.6,164208800,50.76
24-08-2011,373.47,378.96,370.6,376.18,156566900,51.11
25-08-2011,365.08,375.45,365,373.72,217836500,50.78
26-08-2011,371.17,383.8,370.8,383.58,160369300,52.12
29-08-2011,388.18,391.5,388,389.97,101317300,52.98
30-08-2011,388.25,391.84,386.21,389.99,104480600,52.99
31-08-2011,390.57,392.08,381.86,384.83,130646600,52.29
01-09-2011,385.82,387.34,380.72,381.03,85931300,51.77
02-09-2011,374.74,378,371.83,374.05,109734800,50.82
06-09-2011,367.37,380.33,366.48,379.74,127424500,51.6
07-09-2011,385.56,385.6,382,383.93,87644200,52.16
08-09-2011,382.4,388.61,382.31,384.14,104039600,52.19
09-09-2011,383.93,386,375.02,377.48,141203300,51.29
12-09-2011,373,380.88,371.9,379.94,116958100,51.62
13-09-2011,382.14,386.21,380.25,384.62,110140100,52.26
14-09-2011,387.02,392.21,385.76,389.3,133681100,52.89
15-09-2011,391.43,393.66,389.9,392.96,104454700,53.39
16-09-2011,395.54,400.5,395.03,400.5,174628300,54.42
19-09-2011,397,413.23,395.2,411.63,205965200,55.93
20-09-2011,415.25,422.86,411.19,413.45,193938500,56.18
21-09-2011,419.64,421.59,412,412.14,151494000,56
22-09-2011,401.03,409.82,396.7,401.82,242120200,54.6
23-09-2011,400.28,406.74,399.85,404.3,136569300,54.93
26-09-2011,399.86,403.98,391.3,403.17,203219100,54.78
27-09-2011,408.73,409.25,398.06,399.26,158124400,54.25
28-09-2011,400.19,403.74,396.51,397.01,107409400,53.94
29-09-2011,401.92,402.21,386.21,390.57,162771700,53.07
30-09-2011,387.12,388.89,381.18,381.32,136910200,51.81
03-10-2011,380.37,382.64,373.17,374.6,167274800,50.9
04-10-2011,374.57,381.8,354.24,372.5,308419300,50.61
05-10-2011,367.86,379.82,360.3,378.25,196617400,51.39
06-10-2011,373.33,384.78,371.8,377.37,203145600,51.27
07-10-2011,375.78,377.74,368.49,369.8,133864500,50.24
10-10-2011,379.09,388.81,378.21,388.81,110628700,52.83
11-10-2011,392.57,403.18,391.5,400.29,151421900,54.39
12-10-2011,407.34,409.25,400.14,402.19,155571500,54.65
13-10-2011,404.98,408.43,402.85,408.43,106546300,55.49
14-10-2011,416.83,422,415.27,422,143341800,57.34
17-10-2011,421.74,426.7,415.94,419.99,171511200,57.06
18-10-2011,421.76,424.81,415.99,422.24,220400600,57.37
19-10-2011,401.35,408.42,397.8,398.62,276014900,54.16
20-10-2011,400,400.35,394.21,395.31,137317600,53.71
21-10-2011,398.1,399.14,390.75,392.87,155311100,53.38
24-10-2011,396.18,406.5,395.4,405.77,125534500,55.13
25-10-2011,405.03,406.55,397.38,397.77,107606800,54.04
26-10-2011,401.76,402.55,393.15,400.6,114076200,54.43
27-10-2011,407.56,409,401.89,404.69,123666200,54.98
28-10-2011,403,406.35,402.51,404.95,80710700,55.02
31-10-2011,402.42,409.33,401.05,404.78,96375300,55
01-11-2011,397.41,399.5,393.22,396.51,132947500,53.87
02-11-2011,400.09,400.44,395.11,397.41,81837700,54
03-11-2011,399.07,403.4,395.36,403.07,110346600,54.76
04-11-2011,402.03,403.44,399.16,400.24,75557300,54.38
07-11-2011,399.91,400,396.13,399.73,67568900,54.31
08-11-2011,402.21,408,401.56,406.23,100110500,55.19
09-11-2011,396.97,400.89,394.23,395.28,139671000,53.71
10-11-2011,397.03,397.21,382.15,385.22,186188100,52.34
11-11-2011,386.61,388.7,380.26,384.62,163446500,52.26
14-11-2011,383.52,385.25,378.2,379.26,108226300,51.53
15-11-2011,380.8,389.5,379.45,388.83,107702700,52.83
16-11-2011,389.25,391.14,384.32,384.77,87302600,52.28
17-11-2011,383.98,384.58,375.5,377.41,119975100,51.28
18-11-2011,378.92,379.99,374.88,374.94,92984500,50.94
21-11-2011,370.4,371.68,365.91,369.01,111995100,50.14
22-11-2011,371.02,377.93,370.94,376.51,102255300,51.16
23-11-2011,374.51,375.84,366.88,366.99,107067800,49.86
25-11-2011,368.42,371.15,363.32,363.57,63690200,49.4
28-11-2011,372.35,376.72,370.33,376.12,86603300,51.1
29-11-2011,375.84,378.83,370.2,373.2,93963800,50.71
30-11-2011,381.29,382.28,378.3,382.2,101484600,51.93
01-12-2011,382.54,389,380.75,387.93,96795300,52.71
02-12-2011,389.83,393.63,388.58,389.7,94763900,52.95
05-12-2011,393.49,396.41,390.39,393.01,89302500,53.4
06-12-2011,392.51,394.63,389.38,390.95,70899500,53.12
07-12-2011,389.93,390.94,386.76,389.09,76186600,52.87
08-12-2011,391.45,395.5,390.23,390.66,94089100,53.08
09-12-2011,392.85,394.04,391.03,393.62,74248300,53.48
12-12-2011,391.68,393.9,389.45,391.84,75266800,53.24
13-12-2011,393,395.4,387.1,388.81,84732200,52.83
14-12-2011,386.7,387.38,377.68,380.19,101721900,51.66
15-12-2011,383.33,383.74,378.31,378.94,64050000,51.49
16-12-2011,380.36,384.15,379.57,381.02,105369600,51.77
19-12-2011,382.47,384.85,380.48,382.21,58882600,51.93
20-12-2011,387.76,396.1,387.26,395.95,84303800,53.8
21-12-2011,396.69,397.3,392.01,396.45,65737000,53.87
22-12-2011,397,399.13,396.1,398.55,50589700,54.15
23-12-2011,399.69,403.59,399.49,403.33,67349800,54.8
27-12-2011,403.1,409.09,403.02,406.53,66269000,55.23
28-12-2011,406.89,408.25,401.34,402.64,57165500,54.71
29-12-2011,403.4,405.65,400.51,405.12,53994500,55.04
30-12-2011,403.51,406.28,403.49,405,44915500,55.03
03-01-2012,409.4,412.5,409,411.23,75555200,55.87
04-01-2012,410,414.68,409.28,413.44,65005500,56.17
05-01-2012,414.95,418.55,412.67,418.03,67817400,56.8
06-01-2012,419.77,422.75,419.22,422.4,79573200,57.39
09-01-2012,425.5,427.75,421.35,421.73,98506100,57.3
10-01-2012,425.91,426,421.5,423.24,64549100,57.51
11-01-2012,422.68,422.85,419.31,422.55,53771200,57.41
12-01-2012,422.28,422.9,418.75,421.39,53146800,57.25
13-01-2012,419.7,420.45,418.66,419.81,56505400,57.04
17-01-2012,424.2,425.99,422.96,424.7,60724300,57.7
18-01-2012,426.96,429.47,426.3,429.11,69197800,58.3
19-01-2012,430.15,431.37,426.51,427.75,65434600,58.12
20-01-2012,427.49,427.5,419.75,420.3,103493600,57.11
23-01-2012,422.67,428.45,422.3,427.41,76515600,58.07
24-01-2012,425.1,425.1,419.55,420.41,136909500,57.12
25-01-2012,454.44,454.45,443.73,446.66,239578500,60.69
26-01-2012,448.36,448.79,443.14,444.63,80996300,60.41
27-01-2012,444.34,448.48,443.77,447.28,74927300,60.77
30-01-2012,445.71,453.9,445.39,453.01,94835300,61.55
31-01-2012,455.59,458.24,453.07,456.48,97920900,62.02
01-02-2012,458.41,458.99,455.55,456.19,67511500,61.98
02-02-2012,455.9,457.17,453.98,455.12,46699100,61.84
03-02-2012,457.3,460,455.56,459.68,71649900,62.46
06-02-2012,458.38,464.98,458.2,463.97,62353200,63.04
07-02-2012,465.25,469.75,464.58,468.83,79055900,63.7
08-02-2012,470.5,476.79,469.7,476.68,101972500,64.77
09-02-2012,480.76,496.75,480.56,493.17,221053700,67.01
10-02-2012,490.96,497.62,488.55,493.42,157825500,67.04
13-02-2012,499.53,503.83,497.09,502.6,129304000,68.29
14-02-2012,504.66,509.56,502,509.46,115099600,69.22
15-02-2012,514.26,526.29,496.89,497.67,376530000,67.62
16-02-2012,491.5,504.89,486.63,502.21,236138000,68.23
17-02-2012,503.11,507.77,500.3,502.12,133951300,68.22
21-02-2012,506.88,514.85,504.12,514.85,151398800,69.95
22-02-2012,513.08,515.49,509.07,513.04,120825600,69.71
23-02-2012,515.08,517.83,509.5,516.39,142006900,70.16
24-02-2012,519.67,522.9,518.64,522.41,103768000,70.98
27-02-2012,521.31,528.5,516.28,525.76,136895500,71.43
28-02-2012,527.96,535.41,525.85,535.41,150096800,72.75
29-02-2012,541.56,547.61,535.7,542.44,238002800,73.7
01-03-2012,548.17,548.21,538.77,544.47,170817500,73.98
02-03-2012,544.24,546.8,542.52,545.18,107928100,74.07
05-03-2012,545.42,547.48,526,533.16,202281100,72.44
06-03-2012,523.66,533.69,516.22,530.26,202559700,72.05
07-03-2012,536.8,537.78,523.3,530.69,199630200,72.1
08-03-2012,534.69,542.99,532.12,541.99,129114300,73.64
09-03-2012,544.21,547.74,543.11,545.17,104729800,74.07
12-03-2012,548.98,552,547,552,101820600,75
13-03-2012,557.54,568.18,555.75,568.1,172713800,77.19
14-03-2012,578.05,594.72,575.4,589.58,354711000,80.11
15-03-2012,599.61,600.01,578.55,585.56,289929500,79.56
16-03-2012,584.72,589.2,578,585.57,206371900,79.56
19-03-2012,598.37,601.77,589.05,601.1,225309000,81.67
20-03-2012,599.51,606.9,591.48,605.96,204165500,82.33
21-03-2012,602.74,609.65,601.41,602.5,161010500,81.86
22-03-2012,597.78,604.5,595.53,599.34,155967700,81.43
23-03-2012,600.49,601.8,594.4,596.05,107622200,80.98
26-03-2012,599.79,607.15,595.26,606.98,148935500,82.47
27-03-2012,606.18,616.28,606.06,614.48,151782400,83.49
28-03-2012,618.38,621.45,610.31,617.62,163865100,83.92
29-03-2012,612.78,616.56,607.23,609.86,152059600,82.86
30-03-2012,608.77,610.56,597.94,599.55,182759500,81.46
02-04-2012,601.83,618.77,600.38,618.63,149587900,84.05
03-04-2012,627.3,632.21,622.51,629.32,208639900,85.51
04-04-2012,624.35,625.86,617,624.31,143245200,84.82
05-04-2012,626.98,634.66,623.4,633.68,160324500,86.1
09-04-2012,626.13,639.84,625.3,636.23,149384200,86.44
10-04-2012,639.93,644,626,628.44,222431300,85.39
11-04-2012,636.2,636.87,623.34,626.2,174153700,85.08
12-04-2012,625,631.33,620.5,622.77,153584200,84.62
13-04-2012,624.11,624.7,603.51,605.23,214911200,82.23
16-04-2012,610.06,610.28,578.25,580.13,262696700,78.82
17-04-2012,578.94,610,571.91,609.7,256382000,82.84
18-04-2012,613.72,620.25,602.71,608.34,238632800,82.65
19-04-2012,600.22,604.73,584.52,587.44,208679800,79.82
20-04-2012,591.38,594.62,570.42,572.98,257746300,77.85
23-04-2012,570.61,576.67,556.62,571.7,241632300,77.68
24-04-2012,562.61,567.69,555,560.28,269037300,76.12
25-04-2012,615.64,618,606,610,226444400,82.88
26-04-2012,614.27,614.69,602.13,607.7,134017100,82.57
27-04-2012,605.07,606.18,600.5,603,101680600,81.93
30-04-2012,597.8,598.4,583,583.98,126536200,79.34
01-05-2012,584.9,596.76,581.23,582.13,152749800,79.09
02-05-2012,580.24,587.4,578.86,585.98,106847300,79.62
03-05-2012,590.5,591.4,580.3,581.82,97637400,79.05
04-05-2012,577.08,578.36,565.17,565.25,132498100,76.8
07-05-2012,561.5,572.77,561.23,569.48,115029600,77.37
08-05-2012,569.58,571.5,558.73,568.18,124313000,77.2
09-05-2012,563.7,573.98,560.85,569.18,120176000,77.33
10-05-2012,574.58,575.88,568.44,570.52,83300000,77.52
11-05-2012,565,574.47,564.35,566.71,99886500,77
14-05-2012,562.57,567.51,557.6,558.22,88156600,75.84
15-05-2012,561.45,563.22,551.75,553.17,119084000,75.16
16-05-2012,554.05,556.89,541.04,546.08,140224000,74.2
17-05-2012,545.31,547.5,530.12,530.12,179305000,72.03
18-05-2012,533.96,543.41,522.18,530.38,183073100,72.06
21-05-2012,534.5,561.54,534.05,561.28,157776500,76.26
22-05-2012,569.55,573.88,552.58,556.97,173717600,75.68
23-05-2012,557.5,572.8,553.23,570.56,146224400,77.52
24-05-2012,575.87,576.5,561.23,565.32,124057500,76.81
25-05-2012,564.59,565.85,558.47,562.29,82126800,76.4
29-05-2012,570.9,574,565.31,572.27,95127200,77.75
30-05-2012,569.2,579.99,566.56,579.17,132357400,78.69
31-05-2012,580.74,581.5,571.46,577.73,122918600,78.5
01-06-2012,569.16,572.65,560.52,560.99,130246900,76.22
04-06-2012,561.5,567.5,548.5,564.29,139248900,76.67
05-06-2012,561.27,566.47,558.33,562.83,97053600,76.47
06-06-2012,567.77,573.85,565.5,571.46,100363900,77.64
07-06-2012,577.29,577.32,570.5,571.72,94941700,77.68
08-06-2012,571.6,580.58,569,580.32,86879100,78.85
11-06-2012,587.72,588.5,570.63,571.17,147816200,77.6
12-06-2012,574.46,576.62,566.7,576.16,108845100,78.28
13-06-2012,574.52,578.48,570.38,572.16,73395000,77.74
14-06-2012,571.24,573.5,567.26,571.53,86393300,77.65
15-06-2012,571,574.62,569.55,574.13,83813800,78.01
18-06-2012,570.96,587.89,570.37,585.78,110103000,79.59
19-06-2012,583.4,590,583.1,587.41,90351100,79.81
20-06-2012,588.21,589.25,580.8,585.74,89735800,79.58
21-06-2012,585.44,588.22,577.44,577.67,81587800,78.49
22-06-2012,579.04,582.19,575.42,582.1,71117900,79.09
25-06-2012,577.3,579.8,570.37,570.77,76095600,77.55
26-06-2012,571.33,574.49,567.33,572.03,69134100,77.72
27-06-2012,575,576.74,571.92,574.5,50749300,78.06
28-06-2012,571.67,574,565.61,569.05,70709100,77.32
29-06-2012,578,584,574.25,584,105375200,79.35
02-07-2012,584.73,593.47,583.6,592.52,100023000,80.51
03-07-2012,594.88,600,594,599.41,60428200,81.44
05-07-2012,600.56,614.34,599.65,609.94,121095800,82.87
06-07-2012,607.09,608.44,601.58,605.88,104732600,82.32
09-07-2012,605.3,613.9,604.11,613.89,94851400,83.41
10-07-2012,617.97,619.87,605.31,608.21,127989400,82.64
11-07-2012,606.12,607.66,597.22,604.43,117330500,82.12
12-07-2012,600.24,603.47,592.68,598.9,107010400,81.37
13-07-2012,602.95,607.19,600,604.97,77856800,82.2
16-07-2012,605.12,611.62,605.02,606.91,75315100,82.46
17-07-2012,610.79,611.5,603.15,606.94,73406200,82.46
18-07-2012,606.59,608.34,603.56,606.26,63175000,82.37
19-07-2012,611.28,615.35,606,614.32,109215400,83.47
20-07-2012,613.03,614.44,603.7,604.3,99367800,82.11
23-07-2012,594.4,605.9,587.71,603.83,121993900,82.04
24-07-2012,607.38,609.68,598.51,600.92,141283100,81.65
25-07-2012,574.46,580.8,570,574.97,219328200,78.12
26-07-2012,579.76,580.4,570.36,574.88,101658200,78.11
27-07-2012,575.01,585.83,571.59,585.16,100984100,79.51
30-07-2012,590.92,599.44,587.82,595.03,94785600,80.85
31-07-2012,603.23,611.7,602.72,610.76,115581900,82.98
01-08-2012,615.91,616.4,603,606.81,96125400,82.45
02-08-2012,602.84,610.69,600.25,607.79,83039600,82.58
03-08-2012,613.63,617.98,611.56,615.7,86230200,83.65
06-08-2012,617.29,624.87,615.26,622.55,75525800,84.59
07-08-2012,622.77,625,618.04,620.91,72611700,84.36
08-08-2012,619.39,623.88,617.1,619.86,61176500,84.22
09-08-2012,617.85,621.73,617.8,620.73,55410600,84.7
10-08-2012,618.71,621.76,618.7,621.7,48734700,84.83
13-08-2012,623.39,630,623.25,630,69708100,85.97
14-08-2012,631.87,638.61,630.21,631.69,85042300,86.2
15-08-2012,631.3,634,627.75,630.83,64335600,86.08
16-08-2012,631.21,636.76,630.5,636.34,63633500,86.83
17-08-2012,640,648.19,638.81,648.11,110690300,88.44
20-08-2012,650.01,665.15,649.9,665.15,153346200,90.76
21-08-2012,670.82,674.88,650.33,656.06,203179900,89.52
22-08-2012,654.42,669,648.11,668.87,141330700,91.27
23-08-2012,666.11,669.9,661.15,662.63,105032200,90.42
24-08-2012,659.51,669.48,655.55,663.22,109335100,90.5
27-08-2012,679.99,680.87,673.54,675.68,106752100,92.2
28-08-2012,674.98,676.1,670.67,674.8,66854200,92.08
29-08-2012,675.25,677.67,672.6,673.47,50701700,91.9
30-08-2012,670.64,671.55,662.85,663.87,75674900,90.59
31-08-2012,667.25,668.6,657.25,665.24,84580300,90.77
04-09-2012,665.76,675.14,664.5,674.97,91973000,92.1
05-09-2012,675.57,676.35,669.6,670.23,84093800,91.45
06-09-2012,673.17,678.29,670.8,676.27,97799100,92.28
07-09-2012,678.05,682.48,675.77,680.44,82416600,92.85
10-09-2012,680.45,683.29,662.1,662.74,121999500,90.43
11-09-2012,665.11,670.1,656.5,660.59,125995800,90.14
12-09-2012,666.85,669.9,656,669.79,178058300,91.39
13-09-2012,677.37,685.5,674.77,682.98,149590000,93.19
14-09-2012,689.96,696.98,687.89,691.28,150118500,94.33
17-09-2012,699.35,699.8,694.61,699.78,99507800,95.49
18-09-2012,699.88,702.33,696.42,701.91,93375800,95.78
19-09-2012,700.26,703.99,699.57,702.1,81718700,95.8
20-09-2012,699.16,700.06,693.62,698.7,84142100,95.34
21-09-2012,702.41,705.07,699.36,700.09,142897300,95.53
24-09-2012,686.86,695.12,683,690.79,159941600,94.26
25-09-2012,688.26,692.78,673,673.54,129697400,91.91
26-09-2012,668.74,672.69,661.2,665.18,144125800,90.77
27-09-2012,664.29,682.17,660.35,681.32,148522500,92.97
28-09-2012,678.75,681.11,666.75,667.1,133777700,91.03
01-10-2012,671.16,676.75,656.5,659.39,135898700,89.98
02-10-2012,661.81,666.35,650.65,661.31,156998100,90.24
03-10-2012,664.86,671.86,662.63,671.45,106070300,91.62
04-10-2012,671.25,674.25,665.55,666.8,92681400,90.99
05-10-2012,665.2,666,651.28,652.59,148501500,89.05
08-10-2012,646.88,647.56,636.11,638.17,159498500,87.08
09-10-2012,638.65,640.49,623.55,635.85,209649300,86.76
10-10-2012,639.74,644.98,637,640.91,127589000,87.45
11-10-2012,646.5,647.2,628.1,628.1,136520300,85.71
12-10-2012,629.56,635.38,625.3,629.71,115003700,85.93
15-10-2012,632.35,635.13,623.85,634.76,108125500,86.61
16-10-2012,635.37,650.3,631,649.79,137442900,88.67
17-10-2012,648.87,652.79,644,644.61,97259400,87.96
18-10-2012,639.59,642.06,630,632.64,119156100,86.33
19-10-2012,631.05,631.77,609.62,609.84,186021500,83.21
22-10-2012,612.42,635.38,610.76,634.03,136682700,86.52
23-10-2012,631,633.9,611.7,613.36,176786400,83.69
24-10-2012,621.44,626.55,610.64,616.83,139631800,84.17
25-10-2012,620,622,605.55,609.54,164081400,83.17
26-10-2012,609.43,614,591,604,254608200,82.42
31-10-2012,594.88,601.96,587.7,595.32,127500800,81.23
01-11-2012,598.22,603,594.17,596.54,90324500,81.4
02-11-2012,595.89,596.95,574.75,576.8,149843400,78.71
05-11-2012,583.52,587.77,577.6,584.62,132283900,79.77
06-11-2012,590.23,590.74,580.09,582.85,93729300,79.53
07-11-2012,573.84,574.54,555.75,558,198412200,76.49
08-11-2012,560.63,562.23,535.29,537.75,264036500,73.71
09-11-2012,540.42,554.88,533.72,547.06,232478400,74.99
12-11-2012,554.15,554.5,538.65,542.83,128950500,74.41
13-11-2012,538.91,550.48,536.36,542.9,133237300,74.42
14-11-2012,545.5,547.45,536.18,536.88,119292600,73.59
15-11-2012,537.53,539.5,522.62,525.62,197477700,72.05
16-11-2012,525.2,530,505.75,527.68,316723400,72.33
19-11-2012,540.71,567.5,539.88,565.73,205829400,77.55
20-11-2012,571.91,571.95,554.58,560.91,160688500,76.89
21-11-2012,564.25,567.37,556.6,561.7,93250500,77
23-11-2012,567.17,572,562.6,571.5,68206600,78.34
26-11-2012,575.9,590,573.71,589.53,157644900,80.81
27-11-2012,589.55,590.42,580.1,584.78,133332500,80.16
28-11-2012,577.27,585.8,572.26,582.94,130216100,79.91
29-11-2012,590.22,594.25,585.25,589.36,128674700,80.79
30-11-2012,586.79,588.4,582.68,585.28,97829900,80.23
03-12-2012,593.65,594.59,585.5,586.19,91070000,80.35
04-12-2012,581.8,581.8,572.13,575.85,139267100,78.94
05-12-2012,568.91,569.25,538.77,538.79,261159500,73.86
06-12-2012,528.94,553.31,518.63,547.24,294303100,75.01
07-12-2012,553.4,555.2,530,533.25,196760200,73.1
10-12-2012,525,538.51,521.58,529.82,157621100,72.63
11-12-2012,539.77,549.56,537.37,541.39,148086400,74.21
12-12-2012,547.77,548,536.27,539,121786000,73.88
13-12-2012,531.15,537.64,525.8,529.69,156314900,72.61
14-12-2012,514.75,518.13,505.58,509.79,252394800,69.88
17-12-2012,508.93,520,501.23,518.83,189401800,71.12
18-12-2012,525,534.9,520.25,533.9,156421300,73.18
19-12-2012,531.47,533.7,525.5,526.31,112342300,72.14
20-12-2012,530,530.2,518.88,521.73,120422400,71.52
21-12-2012,512.47,519.67,510.24,519.33,149067100,71.19
24-12-2012,520.35,524.25,518.71,520.17,43938300,71.3
26-12-2012,519,519.46,511.12,513,75609100,70.32
27-12-2012,513.54,516.25,504.66,515.06,113780100,70.6
28-12-2012,510.29,514.48,508.12,509.59,88569600,69.85
31-12-2012,510.53,535.4,509,532.17,164873100,72.95
02-01-2013,553.82,555,541.63,549.03,140129500,75.26
03-01-2013,547.88,549.67,541,542.1,88241300,74.31
04-01-2013,536.97,538.63,525.83,527,148583400,72.24
07-01-2013,522,529.3,515.2,523.9,121039100,71.81
08-01-2013,529.21,531.89,521.25,525.31,114676800,72.01
09-01-2013,522.5,525.01,515.99,517.1,101901100,70.88
10-01-2013,528.55,528.72,515.52,523.51,150286500,71.76
11-01-2013,521,525.32,519.02,520.3,87626700,71.32
14-01-2013,502.68,507.5,498.51,501.75,183551900,68.78
15-01-2013,498.3,498.99,483.38,485.92,219193100,66.61
16-01-2013,494.64,509.44,492.5,506.09,172701200,69.37
17-01-2013,510.31,510.75,502.03,502.68,113419600,68.91
18-01-2013,498.52,502.22,496.4,500,118230700,68.54
22-01-2013,504.56,507.88,496.63,504.77,115386600,69.19
23-01-2013,508.81,514.99,504.77,514.01,215377400,70.46
24-01-2013,460,465.73,450.25,450.5,365213100,61.75
25-01-2013,451.69,456.23,435,439.88,302006600,60.3
28-01-2013,437.83,453.21,435.86,449.83,196379400,61.66
29-01-2013,458.5,460.2,452.12,458.27,142789500,62.82
30-01-2013,457,462.6,454.5,456.83,104288800,62.62
31-01-2013,456.98,459.28,454.98,455.49,79833600,62.44
01-02-2013,459.11,459.48,448.35,453.62,134871100,62.18
04-02-2013,453.91,455.94,442,442.32,119279300,60.63
05-02-2013,444.05,459.74,442.22,457.84,143336900,62.76
06-02-2013,456.47,466.5,452.58,457.35,148426600,62.69
07-02-2013,463.25,470,454.12,468.22,176145200,64.56
08-02-2013,474,478.81,468.25,474.98,158289600,65.49
11-02-2013,476.5,484.94,473.25,479.93,129372600,66.17
12-02-2013,479.51,482.38,467.74,467.9,152263300,64.51
13-02-2013,467.21,473.64,463.22,467.01,118801900,64.39
14-02-2013,464.52,471.64,464.02,466.59,88818800,64.33
15-02-2013,468.85,470.16,459.92,460.16,97936300,63.44
19-02-2013,461.1,462.73,453.85,459.99,108945900,63.42
20-02-2013,457.69,457.69,448.8,448.85,119075600,61.89
21-02-2013,446,449.17,442.82,446.06,111795600,61.5
22-02-2013,449.25,451.6,446.6,450.81,82663700,62.16
25-02-2013,453.85,455.12,442.57,442.8,93144800,61.05
26-02-2013,443.82,451.54,437.66,448.97,125374900,61.9
27-02-2013,448.43,452.44,440.65,444.57,146837600,61.3
28-02-2013,444.05,447.87,441.4,441.4,80628800,60.86
01-03-2013,438,438.18,429.98,430.47,138112100,59.35
04-03-2013,427.8,428.2,419,420.05,145688900,57.91
05-03-2013,421.48,435.19,420.75,431.14,159608400,59.44
06-03-2013,434.51,435.25,424.43,425.66,115062500,58.69
07-03-2013,424.5,432.01,421.06,430.58,117118400,59.37
08-03-2013,429.8,435.43,428.61,431.72,97870500,59.52
11-03-2013,429.75,439.01,425.14,437.87,118559000,60.37
12-03-2013,435.6,438.88,427.57,428.43,116477900,59.07
13-03-2013,428.45,434.5,425.36,428.35,101387300,59.06
14-03-2013,432.83,434.64,430.45,432.5,75968900,59.63
15-03-2013,437.93,444.23,437.25,443.66,160990200,61.17
18-03-2013,441.45,457.46,441.2,455.72,151549300,62.83
19-03-2013,459.5,460.97,448.5,454.49,131693800,62.66
20-03-2013,457.42,457.63,449.59,452.08,77165200,62.33
21-03-2013,450.22,457.98,450.1,452.73,95813900,62.42
22-03-2013,454.58,462.1,453.11,461.91,98776300,63.69
25-03-2013,464.69,469.95,461.78,463.58,125283900,63.92
26-03-2013,465.44,465.84,460.53,461.14,73573500,63.58
27-03-2013,456.46,456.8,450.73,452.08,82809300,62.33
28-03-2013,449.82,451.82,441.62,442.66,110709900,61.03
01-04-2013,441.9,443.7,427.74,428.91,97433000,59.14
02-04-2013,427.6,438.14,426.4,429.79,132379800,59.26
03-04-2013,431.37,437.28,430.31,431.99,90804000,59.56
04-04-2013,433.76,435,425.25,427.72,89611900,58.97
05-04-2013,424.5,424.95,419.68,423.2,95923800,58.35
08-04-2013,424.85,427.5,422.49,426.21,75207300,58.76
09-04-2013,426.36,428.5,422.75,426.98,76653500,58.87
10-04-2013,428.1,437.06,426.01,435.69,93982000,60.07
11-04-2013,433.72,437.99,431.2,434.33,82091100,59.88
12-04-2013,434.15,434.15,429.09,429.8,59653300,59.26
15-04-2013,427,427.89,419.55,419.85,79380000,57.89
16-04-2013,421.57,426.61,420.57,426.24,76442800,58.77
17-04-2013,420.27,420.6,398.11,402.8,236264000,55.54
18-04-2013,404.99,405.79,389.74,392.05,166574800,54.05
19-04-2013,387.97,399.6,385.1,390.53,152318600,53.84
22-04-2013,392.64,402.2,391.27,398.67,107480100,54.97
23-04-2013,403.99,408.38,398.81,406.13,166059600,56
24-04-2013,393.54,415.25,392.5,405.46,242412800,55.9
25-04-2013,411.23,413.94,407,408.38,96209400,56.31
26-04-2013,409.81,418.77,408.25,417.2,191024400,57.52
29-04-2013,420.45,433.62,420,430.12,160081600,59.3
30-04-2013,435.1,445.25,432.07,442.78,172884600,61.05
01-05-2013,444.46,444.93,434.39,439.29,126727300,60.57
02-05-2013,441.78,448.59,440.63,445.52,105457100,61.43
03-05-2013,451.31,453.23,449.15,449.98,90325200,62.04
06-05-2013,455.71,462.2,454.31,460.71,124160400,63.52
07-05-2013,464.97,465.75,453.7,458.66,120938300,63.24
08-05-2013,459.04,465.37,455.81,463.84,118149500,63.95
09-05-2013,459.81,463,455.58,456.77,99621900,63.39
10-05-2013,457.97,459.71,450.48,452.97,83713000,62.87
13-05-2013,451.51,457.9,451.5,454.74,79237200,63.11
14-05-2013,453.85,455.2,442.15,443.86,111779500,61.6
15-05-2013,439.16,441,422.36,428.85,185403400,59.52
16-05-2013,423.24,437.85,418.9,434.58,150801000,60.31
17-05-2013,439.05,440.09,431.01,433.26,106976100,60.13
20-05-2013,431.91,445.8,430.1,442.93,112894600,61.47
21-05-2013,438.15,445.48,434.2,439.66,114005500,61.02
22-05-2013,444.05,448.35,438.22,441.35,110759600,61.25
23-05-2013,435.95,446.16,435.79,442.14,88255300,61.36
24-05-2013,440.85,445.66,440.36,445.15,69041700,61.78
28-05-2013,449.9,451.11,440.85,441.44,96536300,61.27
29-05-2013,440,447.5,439.4,444.95,82644100,61.75
30-05-2013,445.65,454.5,444.51,451.58,88379900,62.67
31-05-2013,452.5,457.1,449.5,449.73,96075700,62.42
03-06-2013,450.73,452.36,442.48,450.72,93088100,62.55
04-06-2013,453.22,454.43,447.39,449.31,73182200,62.36
05-06-2013,445.65,450.72,443.71,445.11,72647400,61.78
06-06-2013,445.47,447,434.05,438.46,104233500,60.85
07-06-2013,436.5,443.24,432.77,441.81,101133900,61.32
10-06-2013,444.73,449.08,436.8,438.89,112538300,60.91
11-06-2013,435.74,442.76,433.32,437.6,71528100,60.73
12-06-2013,439.5,441.25,431.5,432.19,66306800,59.98
13-06-2013,432.5,437.14,428.75,435.96,71458100,60.51
14-06-2013,435.4,436.29,428.5,430.05,67966500,59.69
17-06-2013,431.44,435.7,430.36,432,64853600,59.96
18-06-2013,431.56,434.9,430.21,431.77,48756400,59.92
19-06-2013,431.4,431.66,423,423,77735000,58.71
20-06-2013,419.3,425.98,415.17,416.84,89327700,57.85
21-06-2013,418.49,420,408.1,413.5,120279600,57.39
24-06-2013,407.4,408.66,398.05,402.54,120186500,55.87
25-06-2013,405.7,407.79,398.83,402.63,78540700,55.88
26-06-2013,403.9,404.79,395.66,398.07,91931000,55.25
27-06-2013,399.25,401.39,393.54,393.78,84311500,54.65
28-06-2013,391.36,400.27,388.87,396.53,144629100,55.03
01-07-2013,402.69,412.27,401.22,409.22,97763400,56.79
02-07-2013,409.96,421.63,409.47,418.49,117466300,58.08
03-07-2013,420.86,422.98,417.45,420.8,60232200,58.4
05-07-2013,420.39,423.29,415.35,417.42,68506200,57.93
08-07-2013,420.11,421,410.65,415.05,74534600,57.6
09-07-2013,413.6,423.5,410.38,422.35,88146100,58.62
10-07-2013,419.6,424.8,418.25,420.73,70351400,58.39
11-07-2013,422.95,428.25,421.17,427.29,81573100,59.3
12-07-2013,427.65,429.79,423.41,426.51,69890800,59.19
15-07-2013,425.01,431.46,424.8,427.44,60479300,59.32
16-07-2013,426.52,430.71,424.17,430.2,54134500,59.71
17-07-2013,429.7,432.22,428.22,430.31,49747600,59.72
18-07-2013,433.38,434.87,430.61,431.76,54719700,59.92
19-07-2013,433.1,433.98,424.35,424.95,67180400,58.98
22-07-2013,429.46,429.75,425.47,426.31,51949100,59.17
23-07-2013,426,426.96,418.71,418.99,92348900,58.15
24-07-2013,438.93,444.59,435.26,440.51,147984200,61.14
25-07-2013,440.7,441.4,435.81,438.5,57373400,60.86
26-07-2013,435.3,441.04,434.34,440.99,50038100,61.2
29-07-2013,440.8,449.99,440.2,447.79,62014400,62.15
30-07-2013,449.96,457.15,449.23,453.32,77355600,62.92
31-07-2013,454.99,457.34,449.43,452.53,80739400,62.81
01-08-2013,455.75,456.8,453.26,456.68,51562700,63.38
02-08-2013,458.01,462.85,456.66,462.54,68695900,64.19
05-08-2013,464.69,470.67,462.15,469.45,79713900,65.15
06-08-2013,468.02,471.89,462.17,465.25,83714400,64.57
07-08-2013,463.8,467,461.77,464.98,74714500,64.53
08-08-2013,463.86,464.1,457.95,461.01,63944300,64.4
09-08-2013,458.64,460.46,453.65,454.45,66716300,63.49
12-08-2013,456.86,468.65,456.63,467.36,91108500,65.29
13-08-2013,470.94,494.66,468.05,489.57,220485300,68.39
14-08-2013,497.88,504.25,493.4,498.5,189093100,69.64
15-08-2013,496.42,502.4,489.08,497.91,122573500,69.56
16-08-2013,500.15,502.94,498.86,502.33,90576500,70.18
19-08-2013,504.34,513.74,504,507.74,127629600,70.93
20-08-2013,509.71,510.57,500.82,501.07,89672100,70
21-08-2013,503.59,507.15,501.2,502.36,83969900,70.18
22-08-2013,504.98,505.59,498.2,502.96,61051900,70.27
23-08-2013,503.27,503.35,499.35,501.02,55682900,69.99
26-08-2013,500.75,510.2,500.5,502.97,82741400,70.27
27-08-2013,498,502.51,486.3,488.59,106047200,68.26
28-08-2013,486,495.8,486,490.9,76902000,68.58
29-08-2013,491.65,496.5,491.13,491.7,59914400,68.69
30-08-2013,492,492.95,486.5,487.22,68074300,68.07
03-09-2013,493.1,500.6,487.35,488.58,82982200,68.26
04-09-2013,499.56,502.24,496.28,498.69,86258200,69.67
05-09-2013,500.25,500.68,493.64,495.27,59091900,69.19
06-09-2013,498.44,499.38,489.95,498.22,89881400,69.6
09-09-2013,505,507.92,503.48,506.17,85171800,70.71
10-09-2013,506.2,507.45,489.5,494.64,185798900,69.1
11-09-2013,467.01,473.69,464.81,467.71,224674100,65.34
12-09-2013,468.5,475.4,466.01,472.69,101012800,66.04
13-09-2013,469.34,471.83,464.7,464.9,74708900,64.95
16-09-2013,461,461.61,447.22,450.12,135926700,62.88
17-09-2013,447.96,459.71,447.5,455.32,99845200,63.61
18-09-2013,463.18,466.35,460.66,464.68,114215500,64.92
19-09-2013,470.7,475.83,469.25,472.3,101135300,65.98
20-09-2013,478,478.55,466,467.41,174825700,65.3
23-09-2013,496.1,496.91,482.6,490.64,190526700,68.54
24-09-2013,494.88,495.47,487.82,489.1,91086100,68.33
25-09-2013,489.2,489.64,481.43,481.53,79239300,67.27
26-09-2013,486,488.56,483.9,486.22,59305400,67.93
27-09-2013,483.78,484.67,480.72,482.75,57010100,67.44
30-09-2013,477.25,481.66,474.41,476.75,65039100,66.6
01-10-2013,478.45,489.14,478.38,487.96,88470900,68.17
02-10-2013,485.63,491.8,483.75,489.56,72296000,68.39
03-10-2013,490.51,492.35,480.74,483.41,80688300,67.53
04-10-2013,483.86,484.6,478.6,483.03,64717100,67.48
07-10-2013,486.56,492.65,485.35,487.75,78073100,68.14
08-10-2013,489.94,490.64,480.54,480.94,72729300,67.19
09-10-2013,484.64,487.79,478.28,486.59,75431300,67.98
10-10-2013,491.32,492.38,487.04,489.64,69650700,68.4
11-10-2013,486.99,493.84,485.16,492.81,66934700,68.85
14-10-2013,489.83,497.58,489.35,496.04,65474500,69.3
15-10-2013,497.51,502,495.52,498.68,80018400,69.67
16-10-2013,500.79,502.53,499.23,501.11,62775300,70.01
17-10-2013,499.98,504.78,499.68,504.5,63398300,70.48
18-10-2013,505.99,509.26,505.71,508.89,72635500,71.09
21-10-2013,511.77,524.3,511.52,521.36,99526700,72.84
22-10-2013,526.41,528.45,508.03,519.87,133515900,72.63
23-10-2013,519,525.67,519,524.96,78430800,73.34
24-10-2013,525,532.47,522.45,531.91,96191200,74.31
25-10-2013,531.32,533.23,525.11,525.96,84448000,73.48
28-10-2013,529.04,531,523.21,529.88,137610200,74.03
29-10-2013,536.27,539.25,514.54,516.68,158951800,72.18
30-10-2013,519.61,527.52,517.02,524.9,88540900,73.33
31-10-2013,525,527.49,521.27,522.7,68924100,73.02
01-11-2013,524.02,524.8,515.84,520.03,68722500,72.65
04-11-2013,521.1,526.82,518.81,526.75,61156900,73.59
05-11-2013,524.58,528.89,523,525.45,66303300,73.41
06-11-2013,524.15,524.86,518.2,520.92,55843900,73.2
07-11-2013,519.58,523.19,512.38,512.49,65655100,72.01
08-11-2013,514.58,521.13,512.59,520.56,69829200,73.15
11-11-2013,519.99,521.67,514.41,519.05,56863100,72.94
12-11-2013,517.67,523.92,517,520.01,51069200,73.07
13-11-2013,518,522.25,516.96,520.63,49305200,73.16
14-11-2013,522.81,529.28,521.87,528.16,70604800,74.22
15-11-2013,526.58,529.09,524.49,524.99,79480100,73.77
18-11-2013,524.99,527.19,518.2,518.63,61236000,72.88
19-11-2013,519.03,523.38,517.97,519.55,52234700,73.01
20-11-2013,519.23,520.42,514.33,515,48479200,72.37
21-11-2013,517.6,521.21,513.67,521.14,65506700,73.23
22-11-2013,519.52,522.16,518.53,519.8,55931400,73.04
25-11-2013,521.02,525.87,521,523.74,57327900,73.6
26-11-2013,524.12,536.14,524,533.4,100345700,74.95
27-11-2013,536.31,546,533.4,545.96,90862100,76.72
29-11-2013,549.48,558.33,547.81,556.07,79531900,78.14
02-12-2013,558,564.33,550.82,551.23,118136200,77.46
03-12-2013,558.3,566.38,557.68,566.32,112742000,79.58
04-12-2013,565.5,569.19,560.82,565,94452400,79.39
05-12-2013,572.65,575.14,566.41,567.9,111895000,79.8
06-12-2013,565.79,566.75,559.57,560.02,86088100,78.69
09-12-2013,560.9,569.58,560.9,566.43,80123400,79.59
10-12-2013,563.58,567.88,561.2,565.55,69567400,79.47
11-12-2013,567,570.97,559.69,561.36,89929700,78.88
12-12-2013,562.14,565.34,560.03,560.54,65572500,78.77
13-12-2013,562.85,562.88,553.67,554.43,83205500,77.91
16-12-2013,555.02,562.64,555.01,557.5,70648200,78.34
17-12-2013,555.81,559.44,553.38,554.99,57475600,77.99
18-12-2013,549.7,551.45,538.8,550.77,141465800,77.39
19-12-2013,549.5,550,543.73,544.46,80077200,76.51
20-12-2013,545.43,551.61,544.82,549.02,109103400,77.15
23-12-2013,568,570.72,562.76,570.09,125326600,80.11
24-12-2013,569.89,571.88,566.03,567.67,41888700,79.77
26-12-2013,568.1,569.5,563.38,563.9,51002000,79.24
27-12-2013,563.82,564.41,559.5,560.09,56471100,78.7
30-12-2013,557.46,560.09,552.32,554.52,63407400,77.92
31-12-2013,554.17,561.28,554,561.02,55771100,78.83
02-01-2014,555.68,557.03,552.02,553.13,58671200,77.73
03-01-2014,552.86,553.7,540.43,540.98,98116900,76.02
06-01-2014,537.45,546.8,533.6,543.93,103152700,76.43
07-01-2014,544.32,545.96,537.92,540.04,79302300,75.89
08-01-2014,538.81,545.56,538.69,543.46,64632400,76.37
09-01-2014,546.8,546.86,535.35,536.52,69787200,75.39
10-01-2014,539.83,540.8,531.11,532.94,76244000,74.89
13-01-2014,529.91,542.5,529.88,535.73,94623200,75.28
14-01-2014,538.22,546.73,537.66,546.39,83140400,76.78
15-01-2014,553.52,560.2,551.66,557.36,97909700,78.32
16-01-2014,554.9,556.85,551.68,554.25,57319500,77.88
17-01-2014,551.48,552.07,539.9,540.67,106684900,75.97
21-01-2014,540.99,550.07,540.42,549.07,82131700,77.15
22-01-2014,550.91,557.29,547.81,551.51,94996300,77.5
23-01-2014,549.94,556.5,544.81,556.18,100809800,78.15
24-01-2014,554,555.62,544.75,546.07,107338700,76.73
27-01-2014,550.07,554.8,545.75,550.5,138719700,77.36
28-01-2014,508.76,515,502.07,506.5,266380800,71.17
29-01-2014,503.95,507.37,498.62,500.75,125702500,70.37
30-01-2014,502.54,506.5,496.7,499.78,169625400,70.23
31-01-2014,495.18,501.53,493.55,500.6,116199300,70.34
03-02-2014,502.61,507.73,499.3,501.53,100366000,70.47
04-02-2014,505.85,509.46,502.76,508.79,94170300,71.49
05-02-2014,506.56,515.28,506.25,512.59,82086200,72.03
06-02-2014,510.06,513.5,507.81,512.51,64441300,72.45
07-02-2014,521.38,522.93,517.38,519.68,92570100,73.46
10-02-2014,518.66,531.99,518,528.99,86389800,74.78
11-02-2014,530.61,537.75,529.5,535.96,70564200,75.76
12-02-2014,536.95,539.56,533.24,535.92,77025200,75.76
13-02-2014,534.66,544.85,534.2,544.43,76849500,76.96
14-02-2014,542.47,545.98,541.21,543.99,68231100,76.9
18-02-2014,546,551.19,545.61,545.99,65062900,77.18
19-02-2014,544.75,546.89,534.35,537.37,78442000,75.96
20-02-2014,532.99,537,529,531.15,76464500,75.08
21-02-2014,532.79,534.57,524.6,525.25,69696200,74.25
24-02-2014,523.15,529.92,522.42,527.55,72227400,74.57
25-02-2014,529.38,529.57,521,522.06,57988000,73.8
26-02-2014,523.61,525,515.6,517.35,69054300,73.13
27-02-2014,517.14,528.78,516.05,527.67,75470500,74.59
28-02-2014,529.08,532.75,522.12,526.24,92992200,74.39
03-03-2014,523.42,530.65,522.81,527.76,59695300,74.6
04-03-2014,531,532.64,527.77,531.24,64785000,75.1
05-03-2014,530.92,534.75,529.13,532.36,50015700,75.25
06-03-2014,532.79,534.44,528.1,530.75,46372200,75.03
07-03-2014,531.09,531.98,526.05,530.44,55182400,74.98
10-03-2014,528.36,533.33,528.34,530.92,44646000,75.05
11-03-2014,535.45,538.74,532.59,536.09,69806100,75.78
12-03-2014,534.51,537.35,532,536.61,49831600,75.86
13-03-2014,537.44,539.66,529.16,530.65,64435700,75.01
14-03-2014,528.79,530.89,523,524.69,59299800,74.17
17-03-2014,527.7,529.97,525.85,526.74,49886200,74.46
18-03-2014,525.9,531.97,525.2,531.4,52411800,75.12
19-03-2014,532.26,536.24,529,531.26,56189000,75.1
20-03-2014,529.89,532.67,527.35,528.7,52099600,74.74
21-03-2014,531.93,533.75,526.33,532.87,93511600,75.33
24-03-2014,538.42,540.5,535.06,539.19,88925200,76.22
25-03-2014,541.5,545.75,539.59,544.99,70573300,77.04
26-03-2014,546.52,549,538.86,539.78,74942000,76.3
27-03-2014,540.02,541.5,535.12,537.46,55507900,75.98
28-03-2014,538.32,538.94,534.25,536.86,50141000,75.89
31-03-2014,539.23,540.81,535.93,536.74,42167300,75.87
01-04-2014,537.76,541.87,536.77,541.65,50190000,76.57
02-04-2014,542.38,543.48,540.26,542.55,45105200,76.7
03-04-2014,541.39,542.5,537.64,538.79,40586000,76.16
04-04-2014,539.81,540,530.58,531.82,68812800,75.18
07-04-2014,528.02,530.9,521.89,523.47,72462600,74
08-04-2014,525.19,526.12,518.7,523.44,60972100,73.99
09-04-2014,522.64,530.49,522.02,530.32,51542400,74.97
10-04-2014,530.68,532.24,523.17,523.48,59913000,74
11-04-2014,519,522.83,517.14,519.61,67929400,73.45
14-04-2014,521.9,522.16,517.21,521.68,51418500,73.74
15-04-2014,520.27,521.64,511.33,517.96,66622500,73.22
16-04-2014,518.05,521.09,514.14,519.01,53691400,73.37
17-04-2014,520,527.76,519.2,524.94,71083600,74.21
21-04-2014,525.34,532.14,523.96,531.17,45637200,75.09
22-04-2014,528.31,531.83,526.5,531.7,50640800,75.16
23-04-2014,529.06,531.13,524.45,524.75,98735000,74.18
24-04-2014,568.21,570,560.73,567.77,189977900,80.26
25-04-2014,564.53,571.99,563.96,571.94,97568800,80.85
28-04-2014,572.8,595.75,572.55,594.09,167371400,83.98
29-04-2014,593.74,595.98,589.51,592.33,84344400,83.73
30-04-2014,592.64,599.43,589.8,590.09,114160200,83.42
01-05-2014,592,594.8,586.36,591.48,61012000,83.61
02-05-2014,592.34,594.2,589.71,592.58,47878600,83.77
05-05-2014,590.14,601,590,600.96,71766800,84.95
06-05-2014,601.8,604.41,594.41,594.41,93641100,84.03
07-05-2014,595.25,597.29,587.73,592.33,70716100,83.73
08-05-2014,588.25,594.41,586.4,587.99,57574300,83.58
09-05-2014,584.54,586.25,580.33,585.54,72899400,83.23
12-05-2014,587.49,593.66,587.4,592.83,53302200,84.27
13-05-2014,592,594.54,590.7,593.76,39934300,84.4
14-05-2014,592.43,597.4,591.74,593.87,41601000,84.42
15-05-2014,594.7,596.6,588.04,588.82,57711500,83.7
16-05-2014,588.63,597.53,585.4,597.51,69064100,84.94
19-05-2014,597.85,607.33,597.33,604.59,79438800,85.94
20-05-2014,604.51,606.4,600.73,604.71,58709000,85.96
21-05-2014,603.83,606.7,602.06,606.31,49214900,86.19
22-05-2014,606.6,609.85,604.1,607.27,50190000,86.32
23-05-2014,607.25,614.73,606.47,614.13,58052400,87.3
27-05-2014,615.88,625.86,615.63,625.63,87216500,88.93
28-05-2014,626.02,629.83,623.78,624.01,78870400,88.7
29-05-2014,627.85,636.87,627.77,635.38,94118500,90.32
30-05-2014,637.98,644.17,628.9,633,141005200,89.98
02-06-2014,633.96,634.83,622.5,628.65,92337700,89.36
03-06-2014,628.46,638.74,628.25,637.54,73177300,90.63
04-06-2014,637.44,647.89,636.11,644.82,83870500,91.66
05-06-2014,646.2,649.37,642.61,647.35,75951400,92.02
06-06-2014,649.9,651.26,644.47,645.57,87484600,91.77
09-06-2014,92.7,93.88,91.75,93.7,75415000,93.24
10-06-2014,94.73,95.05,93.57,94.25,62777000,93.78
11-06-2014,94.13,94.76,93.47,93.86,45681000,93.4
12-06-2014,94.04,94.12,91.9,92.29,54749000,91.83
13-06-2014,92.2,92.44,90.88,91.28,54525000,90.83
16-06-2014,91.51,92.75,91.45,92.2,35561000,91.74
17-06-2014,92.31,92.7,91.8,92.08,29726000,91.62
18-06-2014,92.27,92.29,91.35,92.18,33514000,91.72
19-06-2014,92.29,92.3,91.34,91.86,35528000,91.41
20-06-2014,91.85,92.55,90.9,90.91,100898000,90.46
23-06-2014,91.32,91.62,90.6,90.83,43694000,90.38
24-06-2014,90.75,91.74,90.19,90.28,39036000,89.83
25-06-2014,90.21,90.7,89.65,90.36,36869000,89.91
26-06-2014,90.37,91.05,89.8,90.9,32629000,90.45
27-06-2014,90.82,92,90.77,91.98,64029000,91.52
30-06-2014,92.1,93.73,92.09,92.93,49589000,92.47
01-07-2014,93.52,94.07,93.13,93.52,38223000,93.06
02-07-2014,93.87,94.06,93.09,93.48,28465000,93.02
03-07-2014,93.67,94.1,93.2,94.03,22891800,93.56
07-07-2014,94.14,95.99,94.1,95.97,56468000,95.5
08-07-2014,96.27,96.8,93.92,95.35,65222000,94.88
09-07-2014,95.44,95.95,94.76,95.39,36436000,94.92
10-07-2014,93.76,95.55,93.52,95.04,39686000,94.57
11-07-2014,95.36,95.89,94.86,95.22,34018000,94.75
14-07-2014,95.86,96.89,95.65,96.45,42810000,95.97
15-07-2014,96.8,96.85,95.03,95.32,45477900,94.85
16-07-2014,96.97,97.1,94.74,94.78,53502000,94.31
17-07-2014,95.03,95.28,92.57,93.09,57298000,92.63
18-07-2014,93.62,94.74,93.02,94.43,49988000,93.96
21-07-2014,94.99,95,93.72,93.94,39079000,93.48
22-07-2014,94.68,94.89,94.12,94.72,55197000,94.25
23-07-2014,95.42,97.88,95.17,97.19,92918000,96.71
24-07-2014,97.04,97.32,96.42,97.03,45729000,96.55
25-07-2014,96.85,97.84,96.64,97.67,43469000,97.19
28-07-2014,97.82,99.24,97.55,99.02,55318000,98.53
29-07-2014,99.33,99.44,98.25,98.38,43143000,97.89
30-07-2014,98.44,98.7,97.67,98.15,33010000,97.66
31-07-2014,97.16,97.45,95.33,95.6,56843000,95.13
01-08-2014,94.9,96.62,94.81,96.13,48511000,95.65
04-08-2014,96.37,96.58,95.17,95.59,39958000,95.12
05-08-2014,95.36,95.68,94.36,95.12,55933000,94.65
06-08-2014,94.75,95.48,94.71,94.96,38558000,94.49
07-08-2014,94.93,95.95,94.1,94.48,46711000,94.48
08-08-2014,94.26,94.82,93.28,94.74,41865000,94.74
11-08-2014,95.27,96.08,94.84,95.99,36585000,95.99
12-08-2014,96.04,96.88,95.61,95.97,33795000,95.97
13-08-2014,96.15,97.24,96.04,97.24,31916000,97.24
14-08-2014,97.33,97.57,96.8,97.5,28116000,97.5
15-08-2014,97.9,98.19,96.86,97.98,48951000,97.98
18-08-2014,98.49,99.37,97.98,99.16,47572000,99.16
19-08-2014,99.41,100.68,99.32,100.53,69274700,100.53
20-08-2014,100.44,101.09,99.95,100.57,52612800,100.57
21-08-2014,100.57,100.94,100.11,100.58,33421900,100.58
22-08-2014,100.29,101.47,100.19,101.32,44102400,101.32
25-08-2014,101.79,102.17,101.28,101.54,40144700,101.54
26-08-2014,101.42,101.5,100.86,100.89,33119800,100.89
27-08-2014,101.02,102.57,100.7,102.13,46827400,102.13
28-08-2014,101.59,102.78,101.56,102.25,68389800,102.25
29-08-2014,102.86,102.9,102.2,102.5,44567000,102.5
02-09-2014,103.06,103.74,102.72,103.3,53491400,103.3
03-09-2014,103.1,103.2,98.58,98.94,125233100,98.94
04-09-2014,98.85,100.09,97.79,98.12,85594800,98.12
05-09-2014,98.8,99.39,98.31,98.97,58353200,98.97
08-09-2014,99.3,99.31,98.05,98.36,46277800,98.36
09-09-2014,99.08,103.08,96.14,97.99,189560600,97.99
10-09-2014,98.01,101.11,97.76,101,100741900,101
11-09-2014,100.41,101.44,99.62,101.43,62353100,101.43
12-09-2014,101.21,102.19,101.08,101.66,62626100,101.66
15-09-2014,102.81,103.05,101.44,101.63,61216500,101.63
16-09-2014,99.8,101.26,98.89,100.86,66818200,100.86
17-09-2014,101.27,101.8,100.59,101.58,60892400,101.58
18-09-2014,101.93,102.35,101.56,101.79,37023900,101.79
19-09-2014,102.29,102.35,100.5,100.96,70838500,100.96
